algoritmo,k,silueta_promedio,db,ch,ari_mod,ari_cuartil,entropia,cobertura,base_aleatoria,base_modalidad,n_grupos,n_proveedores,descalificado,motivos
kprototypes,3,0.3703933258851369,1.320042229069023,907.9712389933238,-0.07902109666753748,0.03875218403018538,0.5960912788941766,100.0,-0.003998941276222467,0.10401756068070729,3.0,3,True,P1: entropía de tamaños 0.424 < 0.5
kprototypes,4,0.22942694028218588,1.4230256502895484,883.870507881411,-0.0357926704662772,0.18528295629127559,0.780850114878211,100.0,-0.01835671905428171,0.10401756068070729,4.0,3,False,
kprototypes,5,0.2538484384616216,1.2731067462730274,916.6050928224439,-0.035523223377612156,0.14355166305587783,0.8131397298936327,100.0,-0.026925470679998398,0.10401756068070729,5.0,3,False,
kprototypes,6,0.23742884397506714,1.1924733312696558,920.4243251779413,-0.012829854863786865,0.20272171276903536,0.8434429218420689,100.0,-0.02240292790035407,0.10401756068070729,6.0,3,False,
kprototypes,7,0.25403354068597156,1.1486160373476564,919.7194093316748,-0.019889273884677438,0.18797314276798135,0.8257097575665258,100.0,-0.03872200846672058,0.10401756068070729,7.0,3,False,
kprototypes,8,0.2251293659210205,1.2200558661018188,876.1139180740087,-0.006784090190301871,0.1915948453421262,0.8779411574795425,100.0,-0.025121572117010754,0.10401756068070729,8.0,3,False,
kprototypes,9,0.24361609915892282,1.1255642172856732,849.6867360563223,-0.01596674214516321,0.18187567506145905,0.8305373337107501,100.0,-0.030099834005037945,0.10401756068070729,9.0,3,False,
kprototypes,10,0.23573459684848785,1.1554686715307547,823.9534722932393,-0.005939277857752418,0.18478620224393824,0.8379895606417703,100.0,-0.04392077152927717,0.10401756068070729,10.0,3,False,
kmeans,3,0.27170100808143616,1.4087076889899668,897.4376580753278,-0.03682858860697403,0.1142291552193817,0.7285959719307771,100.0,-0.003998941276222467,0.10401756068070729,3.0,3,True,P1: entropía de tamaños 0.422 < 0.5
kmeans,4,0.28430646657943726,1.3205277258501662,865.4497655302912,-0.03485842217761354,0.1459009359192034,0.7560791569283949,100.0,-0.01835671905428171,0.10401756068070729,4.0,3,True,P1: entropía de tamaños 0.497 < 0.5
kmeans,5,0.2250225991010666,1.2567661825135021,915.0352637118625,-0.024173447578809362,0.1969762246666056,0.793967981662607,100.0,-0.026925470679998398,0.10401756068070729,5.0,3,False,
kmeans,6,0.24103943010171255,1.1773481124767564,922.8498822691869,-0.02126637333878884,0.20097859326222636,0.8094640073654006,100.0,-0.02240292790035407,0.10401756068070729,6.0,3,False,
kmeans,7,0.2580663363138835,1.1499245897396033,921.5751843170291,-0.010380274403741884,0.19142548505850907,0.82285075850129,100.0,-0.03872200846672058,0.10401756068070729,7.0,3,False,
kmeans,8,0.2429014096657435,1.1633216739285868,882.0162184830351,-0.009394379843588657,0.18125384947905954,0.8445870064108609,100.0,-0.025121572117010754,0.10401756068070729,8.0,3,False,
kmeans,9,0.2487368037303289,1.1487528175824633,847.3723133655571,-0.007886363885651008,0.17516861397651054,0.8327943481563399,100.0,-0.030099834005037945,0.10401756068070729,9.0,3,False,
kmeans,10,0.2354048192501068,1.1172098809671496,822.9809920150774,0.03647750371649879,0.17769597625412473,0.8533061178310396,100.0,-0.04392077152927717,0.10401756068070729,10.0,3,False,
jerarquico,3,0.5900151332219442,0.9232581586842782,565.8607135697599,-0.08314400469659856,0.0001722139597805026,0.2930437214841918,100.0,-0.003998941276222467,0.10401756068070729,3.0,3,True,P1: entropía de tamaños 0.231 < 0.5 | P2: entropía de tamaños 0.230 < 0.5 | P3: entropía de tamaños 0.419 < 0.5
jerarquico,4,0.5324688156445821,1.0313346460679638,510.38915394351744,-0.10511047649905499,0.00013877192572295214,0.30874870879190053,100.0,-0.01835671905428171,0.10401756068070729,4.0,3,True,P1: entropía de tamaños 0.215 < 0.5 | P2: entropía de tamaños 0.308 < 0.5 | P3: entropía de tamaños 0.404 < 0.5
jerarquico,5,0.44206780195236206,1.0356870750989993,459.7319684468244,-0.11161680308581583,7.98440887455543e-05,0.32519044450753887,100.0,-0.026925470679998398,0.10401756068070729,5.0,3,True,P1: entropía de tamaños 0.341 < 0.5 | P2: entropía de tamaños 0.275 < 0.5 | P3: entropía de tamaños 0.359 < 0.5
jerarquico,6,0.4176291724046071,1.0151251649616142,415.6571673246198,-0.11372811349043858,0.00012171469862050111,0.3176301914290975,100.0,-0.02240292790035407,0.10401756068070729,6.0,3,True,P1: entropía de tamaños 0.325 < 0.5 | P2: entropía de tamaños 0.271 < 0.5 | P3: entropía de tamaños 0.357 < 0.5
jerarquico,7,0.39262999097506207,1.011820239220703,428.02673740237464,-0.12274871513048123,0.00028482095275852195,0.34785127278580824,100.0,-0.03872200846672058,0.10401756068070729,7.0,3,True,P1: entropía de tamaños 0.305 < 0.5 | P2: entropía de tamaños 0.342 < 0.5 | P3: entropía de tamaños 0.396 < 0.5
jerarquico,8,0.39095331231753033,0.98222647578051,378.387972012682,-0.12326637842160225,0.00029391448851499386,0.330849878747741,100.0,-0.025121572117010754,0.10401756068070729,8.0,3,True,P1: entropía de tamaños 0.287 < 0.5 | P2: entropía de tamaños 0.331 < 0.5 | P3: entropía de tamaños 0.375 < 0.5
jerarquico,9,0.380169798930486,0.9338353953357976,331.7760905976675,-0.12322536964831156,0.0002980460144751822,0.3141690502569276,100.0,-0.030099834005037945,0.10401756068070729,9.0,3,True,P1: entropía de tamaños 0.273 < 0.5 | P2: entropía de tamaños 0.314 < 0.5 | P3: entropía de tamaños 0.355 < 0.5
jerarquico,10,0.3579752246538798,0.9072253906721022,310.0670351326026,-0.1140465655034506,0.0006026474499491872,0.31414507451975987,100.0,-0.04392077152927717,0.10401756068070729,10.0,3,True,P1: entropía de tamaños 0.261 < 0.5 | P2: entropía de tamaños 0.307 < 0.5 | P3: entropía de tamaños 0.375 < 0.5
kmedoids,3,0.2769038677215576,1.6774751182017091,842.6263799811453,-0.03896506927774098,0.0036248763512030185,0.8483041551605361,100.0,-0.003998941276222467,0.10401756068070729,3.0,3,False,
kmedoids,4,0.24208094676335654,2.0527322811237814,630.3141310108164,0.10849697882855208,0.011701098608372198,0.9139506236809316,100.0,-0.01835671905428171,0.10401756068070729,4.0,3,False,
kmedoids,5,0.24963122606277466,1.944186212682525,560.7962076508096,0.19682019260137337,0.02241380692819181,0.9119161883548342,100.0,-0.026925470679998398,0.10401756068070729,5.0,3,False,
kmedoids,6,0.24983260035514832,1.7378888708408946,611.1240816562437,0.15646360879180662,0.05888055708300444,0.9187759723158703,100.0,-0.02240292790035407,0.10401756068070729,6.0,3,False,
kmedoids,7,0.25967852274576825,1.631968935697287,574.4404401694425,0.18004312868727101,0.054416529519797086,0.932207139292004,100.0,-0.03872200846672058,0.10401756068070729,7.0,3,False,
kmedoids,8,0.25659196575482685,1.5587054437661092,588.481599180364,0.16179560652186117,0.08329650945339345,0.9238906598092242,100.0,-0.025121572117010754,0.10401756068070729,8.0,3,False,
kmedoids,9,0.25257396697998047,1.5513189846724391,547.805908300002,0.17441517641874116,0.08591102400736682,0.9222624467663909,100.0,-0.030099834005037945,0.10401756068070729,9.0,3,False,
kmedoids,10,0.25511473417282104,1.5098281311041486,567.6297457666191,0.15095046920265567,0.08608059066026481,0.9350405269836033,100.0,-0.04392077152927717,0.10401756068070729,10.0,3,False,
densidad,6,0.32610199848810834,1.2182142979440258,469.4555522298594,0.6182565483658892,0.022778574583845964,0.7534290564792533,77.12222222222222,-0.029078286762038868,0.10401756068070729,7.333333333333333,3,True,P1: cobertura 78.0 % < 85.0 % | P2: cobertura 75.6 % < 85.0 % | P3: cobertura 77.8 % < 85.0 %
densidad,7,0.32610199848810834,1.2182142979440258,469.4555522298594,0.6182565483658892,0.022778574583845964,0.7534290564792533,77.12222222222222,-0.029078286762038868,0.10401756068070729,7.333333333333333,3,True,P1: cobertura 78.0 % < 85.0 % | P2: cobertura 75.6 % < 85.0 % | P3: cobertura 77.8 % < 85.0 %
densidad,9,0.32610199848810834,1.2182142979440258,469.4555522298594,0.6182565483658892,0.022778574583845964,0.7534290564792533,77.12222222222222,-0.029078286762038868,0.10401756068070729,7.333333333333333,3,True,P1: cobertura 78.0 % < 85.0 % | P2: cobertura 75.6 % < 85.0 % | P3: cobertura 77.8 % < 85.0 %
gmm,3,0.20096462965011597,2.551048341609682,644.948798717102,0.2955513005147079,0.017152805434077326,0.7558911743190228,100.0,-0.003998941276222467,0.10401756068070729,3.0,3,False,
gmm,4,0.189985861380895,2.6809508373047457,460.6841312540958,0.24402074953922934,0.020721059140137523,0.7084816971613881,100.0,-0.01835671905428171,0.10401756068070729,4.0,3,False,
gmm,5,0.1951845039923986,2.5456724284443784,400.3941138880348,0.4136946427330009,0.022258037531413883,0.8295389936698537,100.0,-0.026925470679998398,0.10401756068070729,5.0,3,False,
gmm,6,0.17971684535344443,2.5203665889599205,372.23759886984595,0.39237561601525234,0.022443411834428054,0.788886224405316,100.0,-0.02240292790035407,0.10401756068070729,6.0,3,True,P1: no supera la línea base modalidad (0.1262 <= 0.1325)
gmm,7,0.21649024387200674,2.230968473115985,401.85935196023274,0.4609413015845334,0.019225443662944198,0.7829667536756063,100.0,-0.03872200846672058,0.10401756068070729,7.0,3,False,
gmm,8,0.19508295754591623,2.005082771791964,404.9529919713689,0.461210420403088,0.020395745616382455,0.7632794071234019,100.0,-0.025121572117010754,0.10401756068070729,8.0,3,False,
gmm,9,0.23408938447634378,1.9702226803464082,402.60073224388026,0.46829768825608964,0.025961151868358304,0.764245816072712,100.0,-0.030099834005037945,0.10401756068070729,9.0,3,False,
gmm,10,0.2310190498828888,1.8472737489303874,398.48584141715884,0.511945109030131,0.0274194716914118,0.7567891631088836,100.0,-0.04392077152927717,0.10401756068070729,10.0,3,False,
