proveedor,algoritmo,k_o_grupos,silueta_gower,davies_bouldin,calinski_harabasz,n_grupos,pct_ruido,ari_vs_modalidad,ari_vs_cuartil_presupuesto,entropia_tamanos,cobertura,base_aleatoria,base_modalidad,descalificado,motivos_descalificacion,segundos,notas
P1,K-Prototypes,3,0.3483756482601166,1.0070845283438121,952.96100445017,3,0.0,-0.07459180965429422,0.00040419677786375963,0.4240851379124511,100.0,-0.004609484225511551,0.13246825337409973,True,entropía de tamaños 0.424 < 0.5,23.29,gamma=0.5000
P1,K-Prototypes,4,0.21527764201164246,1.4083801878952869,924.0658777596353,4,0.0,-0.017287774377179134,0.2335501076375165,0.7459197353978815,100.0,-0.010797911323606968,0.13246825337409973,False,,18.03,gamma=0.5000
P1,K-Prototypes,5,0.28359532356262207,1.2099864084632612,1010.6077979794471,5,0.0,-0.04879166585166534,0.0063970321829190996,0.7687594140152731,100.0,-0.016186680644750595,0.13246825337409973,False,,14.81,gamma=0.5000
P1,K-Prototypes,6,0.25121623277664185,1.1287621252555182,1027.3169385096012,6,0.0,-0.011379341087587189,0.17590330847046842,0.8644823795191059,100.0,-0.019253533333539963,0.13246825337409973,False,,14.93,gamma=0.5000
P1,K-Prototypes,7,0.24994002282619476,1.1785800604387409,965.2431757302471,7,0.0,-0.01832780319137717,0.1643108741251958,0.8262028108347478,100.0,-0.03707246109843254,0.13246825337409973,False,,16.88,gamma=0.5000
P1,K-Prototypes,8,0.2259182184934616,1.2249844930413585,922.1667795896043,8,0.0,-0.01267164155696315,0.1880815337098924,0.8775579731647464,100.0,-0.021642623469233513,0.13246825337409973,False,,16.08,gamma=0.5000
P1,K-Prototypes,9,0.2244880646467209,1.144055310686172,881.9812593423247,9,0.0,-0.012883311137742794,0.17454366745518185,0.8467560522322274,100.0,-0.02815980464220047,0.13246825337409973,False,,21.91,gamma=0.5000
P1,K-Prototypes,10,0.23089225590229034,1.1339760221527966,851.8685770161372,10,0.0,-0.006817055724431476,0.16186762685931025,0.8347694508771993,100.0,-0.03330785036087036,0.13246825337409973,False,,20.74,gamma=0.5000
P1,K-Means,3,0.34861263632774353,1.0020355692212632,952.9549825942017,3,0.0,-0.07575793351351978,0.00042286447301024903,0.4224559957791064,100.0,-0.004609484225511551,0.13246825337409973,True,entropía de tamaños 0.422 < 0.5,1.7,
P1,K-Means,4,0.38266903162002563,0.9741995294357025,966.2643059795164,4,0.0,-0.09309425821696699,0.0007121785894642364,0.49714636659663086,100.0,-0.010797911323606968,0.13246825337409973,True,entropía de tamaños 0.497 < 0.5,0.05,
P1,K-Means,5,0.22943879663944244,1.2272563243351926,1013.9821547061387,5,0.0,-0.035871674030555016,0.1562760796371278,0.7662510873611451,100.0,-0.016186680644750595,0.13246825337409973,False,,0.04,
P1,K-Means,6,0.25389522314071655,1.1303249048167145,1029.3224881806327,6,0.0,-0.003358822251609768,0.18301482554214346,0.8615892643683244,100.0,-0.019253533333539963,0.13246825337409973,False,,0.05,
P1,K-Means,7,0.2539483308792114,1.188755932579656,968.1857285895428,7,0.0,-0.00963391583573161,0.1821811557305349,0.8209810494274183,100.0,-0.03707246109843254,0.13246825337409973,False,,0.05,
P1,K-Means,8,0.2302372306585312,1.2236529230526052,923.5186835528607,8,0.0,-0.0054437025889221185,0.1817176724766429,0.8718379116911116,100.0,-0.021642623469233513,0.13246825337409973,False,,0.07,
P1,K-Means,9,0.23208801448345184,1.2214418906736393,872.746368114591,9,0.0,-0.0024314197717095034,0.16335017079981903,0.861402570121075,100.0,-0.02815980464220047,0.13246825337409973,False,,0.06,
P1,K-Means,10,0.23253536224365234,1.1389504945394946,852.3744593890382,10,0.0,-0.00022495944111218064,0.1698269679704446,0.8301751679525551,100.0,-0.03330785036087036,0.13246825337409973,False,,0.05,
P1,Jerárquico (average),3,0.572145402431488,0.7498941389967406,599.5318563162318,3,0.0,-0.06373072076416572,0.00026099092974185925,0.23050459412726335,100.0,-0.004609484225511551,0.13246825337409973,True,entropía de tamaños 0.231 < 0.5,0.44,
P1,Jerárquico (average),4,0.5393293499946594,0.9449371991928832,457.9880996449486,4,0.0,-0.06778599143065775,0.0002153241841781462,0.21469233860718562,100.0,-0.010797911323606968,0.13246825337409973,True,entropía de tamaños 0.215 < 0.5,0.3,
P1,Jerárquico (average),5,0.43974071741104126,1.0929328206304882,534.2082305946286,5,0.0,-0.0943417175509767,0.00010395126809222253,0.34144550769799287,100.0,-0.016186680644750595,0.13246825337409973,True,entropía de tamaños 0.341 < 0.5,0.32,
P1,Jerárquico (average),6,0.3609743118286133,1.0688955846710175,442.96502787267417,6,0.0,-0.08513017882139458,0.00014323409761619118,0.32480335846103137,100.0,-0.019253533333539963,0.13246825337409973,True,entropía de tamaños 0.325 < 0.5,0.24,
P1,Jerárquico (average),7,0.3594096601009369,1.038847354894153,378.4762725013072,7,0.0,-0.08543909452857995,0.00010367397744205379,0.30483791443146446,100.0,-0.03707246109843254,0.13246825337409973,True,entropía de tamaños 0.305 < 0.5,0.26,
P1,Jerárquico (average),8,0.35812318325042725,1.0032404309126757,326.14231350102443,8,0.0,-0.08544929746004565,0.00010348909395149053,0.28656923151185043,100.0,-0.021642623469233513,0.13246825337409973,True,entropía de tamaños 0.287 < 0.5,0.41,
P1,Jerárquico (average),9,0.3301001787185669,0.9588090571724267,286.3784105660173,9,0.0,-0.08535096654546627,0.00011059181536371189,0.2729273701163446,100.0,-0.02815980464220047,0.13246825337409973,True,entropía de tamaños 0.273 < 0.5,0.25,
P1,Jerárquico (average),10,0.3269636332988739,0.899843188451608,254.8923839160825,10,0.0,-0.08535224391488351,0.00011059117741919124,0.26080110190661887,100.0,-0.03330785036087036,0.13246825337409973,True,entropía de tamaños 0.261 < 0.5,0.22,
P1,K-Medoids (PAM),3,0.2605520188808441,1.6679801095605935,899.4130870805458,3,0.0,-0.035425628562712703,0.004156776756840348,0.8081246724465442,100.0,-0.004609484225511551,0.13246825337409973,False,,0.16,FasterPAM
P1,K-Medoids (PAM),4,0.23151956498622894,2.062757968384646,673.677317304419,4,0.0,-0.02846018439134487,0.01543375290473802,0.8502822949046817,100.0,-0.010797911323606968,0.13246825337409973,False,,0.11,FasterPAM
P1,K-Medoids (PAM),5,0.22122296690940857,2.228634411385143,536.4599669677071,5,0.0,0.16981684350617535,0.007753298842650375,0.9158932177087628,100.0,-0.016186680644750595,0.13246825337409973,False,,0.14,FasterPAM
P1,K-Medoids (PAM),6,0.23560917377471924,1.876549248582415,622.1502185732571,6,0.0,0.14408424905259576,0.005054085952385178,0.9133429559234996,100.0,-0.019253533333539963,0.13246825337409973,False,,0.14,FasterPAM
P1,K-Medoids (PAM),7,0.2521519064903259,1.6280779010001851,608.0950892672571,7,0.0,0.19794790973542442,0.048115777896555544,0.9350533367237382,100.0,-0.03707246109843254,0.13246825337409973,False,,0.13,FasterPAM
P1,K-Medoids (PAM),8,0.2529253661632538,1.625527806440329,582.7629874993834,8,0.0,0.19204994843335998,0.048088048658337254,0.896424971253285,100.0,-0.021642623469233513,0.13246825337409973,False,,0.2,FasterPAM
P1,K-Medoids (PAM),9,0.2582021653652191,1.5771919201784987,546.5578339734121,9,0.0,0.24740330777714764,0.06096307911159523,0.9126058959241842,100.0,-0.02815980464220047,0.13246825337409973,False,,0.19,FasterPAM
P1,K-Medoids (PAM),10,0.25556108355522156,1.625486782901411,508.17138667162106,10,0.0,0.20849181217736515,0.05418500289638589,0.936413028013107,100.0,-0.03330785036087036,0.13246825337409973,False,,0.17,FasterPAM
P1,DBSCAN/HDBSCAN,7,0.32294851541519165,1.2488931372407899,616.6532011626747,7,22.033333333333335,0.6677010262964416,0.021337307547492645,0.7405042496192973,77.96666666666667,-0.03707246109843254,0.13246825337409973,True,cobertura 78.0 % < 85.0 %,0.0,HDBSCAN(paquete hdbscan) mcs=30
P1,Gaussian Mixture,3,0.18340826034545898,2.335188199172224,709.7660527995794,3,0.0,0.4560148113920084,0.019241232892752647,0.7543640024930438,100.0,-0.004609484225511551,0.13246825337409973,False,,0.06,"BIC=-201,292"
P1,Gaussian Mixture,4,0.14528046548366547,2.6205518212888212,465.1347341924375,4,0.0,0.3543377062718452,0.006950716452033314,0.5969290240846904,100.0,-0.010797911323606968,0.13246825337409973,False,,0.04,"BIC=-227,829"
P1,Gaussian Mixture,5,0.19423964619636536,2.3525375516879103,457.5824684867699,5,0.0,0.5698486680638065,0.022657138623122474,0.8564386949504009,100.0,-0.016186680644750595,0.13246825337409973,False,,0.09,"BIC=-255,246"
P1,Gaussian Mixture,6,0.12617136538028717,2.5886351346164784,341.945075874023,6,0.0,0.3336221148399687,0.023561328190016776,0.8078869899014066,100.0,-0.019253533333539963,0.13246825337409973,True,no supera la línea base modalidad (0.1262 <= 0.1325),0.09,"BIC=-270,557"
P1,Gaussian Mixture,7,0.21326099336147308,2.017435842498324,442.15970805280494,7,0.0,0.49245778240275134,0.01364260705894301,0.7850459697215615,100.0,-0.03707246109843254,0.13246825337409973,False,,0.1,"BIC=-289,162"
P1,Gaussian Mixture,8,0.1872478425502777,1.8097230006195382,415.9765909660903,8,0.0,0.4714121499652514,0.016956972365574648,0.724921046089388,100.0,-0.021642623469233513,0.13246825337409973,False,,0.11,"BIC=-286,641"
P1,Gaussian Mixture,9,0.23666633665561676,1.9213386919223951,408.8550517520472,9,0.0,0.5603459258855499,0.01952038702477242,0.7809916434904166,100.0,-0.02815980464220047,0.13246825337409973,False,,0.11,"BIC=-304,234"
P1,Gaussian Mixture,10,0.2517158091068268,1.7772207405922054,435.4958153271807,10,0.0,0.5725824949499295,0.019414650871097786,0.7598867008276917,100.0,-0.03330785036087036,0.13246825337409973,False,,0.18,"BIC=-306,307"
P2,K-Prototypes,3,0.23637723922729492,1.5743427673163757,994.689387718678,3,0.0,-0.030383967320316157,0.11570656055513448,0.8326984525135174,100.0,-0.003803954226896167,0.08373367041349411,False,,15.99,gamma=0.5000
P2,K-Prototypes,4,0.25151050090789795,1.3524842288999883,964.1614073210953,4,0.0,-0.047689372137765536,0.10532886981096129,0.7711143553668608,100.0,-0.02131405659019947,0.08373367041349411,False,,16.03,gamma=0.5000
P2,K-Prototypes,5,0.25279146432876587,1.2667651696856856,932.9193332061152,5,0.0,-0.004006096677510076,0.2183394939046104,0.8765030766650099,100.0,-0.03872617334127426,0.08373367041349411,False,,12.93,gamma=0.5000
P2,K-Prototypes,6,0.24654683470726013,1.2300802456977513,911.3162002570053,6,0.0,-0.010037107337282056,0.21671474267324958,0.8159424882638072,100.0,-0.025583287701010704,0.08373367041349411,False,,11.8,gamma=0.5000
P2,K-Prototypes,7,0.2649165391921997,1.1596070712903541,909.9590199471834,7,0.0,-0.017154830553033622,0.20417815697663277,0.8003074136427617,100.0,-0.03477594256401062,0.08373367041349411,False,,16.24,gamma=0.5000
P2,K-Prototypes,8,0.24066519737243652,1.210748699868541,875.8600212349069,8,0.0,-0.010407963976147131,0.17214905414511608,0.8546574180168294,100.0,-0.02786439098417759,0.08373367041349411,False,,17.58,gamma=0.5000
P2,K-Prototypes,9,0.23649007081985474,1.139169343197844,868.0601703943465,9,0.0,-0.004986470687724543,0.17658906515531864,0.8600678345255071,100.0,-0.037560585886240005,0.08373367041349411,False,,17.4,gamma=0.5000
P2,K-Prototypes,10,0.24409043788909912,1.1443947495426454,836.7126475605586,10,0.0,-0.00795666769886347,0.1772223304291541,0.8349877731961419,100.0,-0.048949554562568665,0.08373367041349411,False,,20.51,gamma=0.5000
P2,K-Means,3,0.23568297922611237,1.5753776895459868,994.639660883282,3,0.0,-0.027631974730173845,0.11539360228439906,0.8296501304602045,100.0,-0.003803954226896167,0.08373367041349411,False,,0.03,
P2,K-Means,4,0.24702034890651703,1.4462002974426753,874.3074325773057,4,0.0,0.0209314965125682,0.2222396404231701,0.9166926835289488,100.0,-0.02131405659019947,0.08373367041349411,False,,0.05,
P2,K-Means,5,0.2558205723762512,1.264131062993672,934.5691058297949,5,0.0,0.006460252723858539,0.21326707015332483,0.8763732316826583,100.0,-0.03872617334127426,0.08373367041349411,False,,0.05,
P2,K-Means,6,0.24914327263832092,1.2318471102941853,913.9233828551497,6,0.0,-6.488596606757839e-05,0.21154482432316765,0.8163365341126624,100.0,-0.025583287701010704,0.08373367041349411,False,,0.05,
P2,K-Means,7,0.2674698829650879,1.153767978195544,911.229383178059,7,0.0,-0.0064960642692129915,0.1995108888348917,0.7990538456184749,100.0,-0.03477594256401062,0.08373367041349411,False,,0.05,
P2,K-Means,8,0.24492967128753662,1.214503859390395,877.6993516335198,8,0.0,-0.004554444485442042,0.16924977464398983,0.8526133028977703,100.0,-0.02786439098417759,0.08373367041349411,False,,0.05,
P2,K-Means,9,0.23961710929870605,1.1335131543181254,868.9399914260813,9,0.0,0.0004895276761190665,0.16385423233787988,0.853594146723077,100.0,-0.037560585886240005,0.08373367041349411,False,,0.07,
P2,K-Means,10,0.24849702417850494,1.0836444629170927,837.3272081565475,10,0.0,0.003590926420514478,0.1596439145689651,0.8262419856916277,100.0,-0.048949554562568665,0.08373367041349411,False,,0.07,
P2,Jerárquico (average),3,0.6462892293930054,0.7673994722514129,628.5416898115581,3,0.0,-0.07207418436839301,-7.234249805754363e-05,0.22954528864616303,100.0,-0.003803954226896167,0.08373367041349411,True,entropía de tamaños 0.230 < 0.5,0.27,
P2,Jerárquico (average),4,0.518787145614624,1.0128075626466848,569.1402122434253,4,0.0,-0.10858621297844051,-0.00011726196036398034,0.30761678241865786,100.0,-0.02131405659019947,0.08373367041349411,True,entropía de tamaños 0.308 < 0.5,0.25,
P2,Jerárquico (average),5,0.43805745244026184,0.939957105744092,447.56746481492803,5,0.0,-0.10520160692953502,-0.00011052351777209805,0.27503031203746964,100.0,-0.03872617334127426,0.08373367041349411,True,entropía de tamaños 0.275 < 0.5,0.28,
P2,Jerárquico (average),6,0.44338399171829224,0.9716709192580816,419.1125315507863,6,0.0,-0.10988219694855482,1.531673681705176e-05,0.27140949312788276,100.0,-0.025583287701010704,0.08373367041349411,True,entropía de tamaños 0.271 < 0.5,0.25,
P2,Jerárquico (average),7,0.41942277550697327,0.9525379984560711,490.2806693340134,7,0.0,-0.13394879874128346,0.0004252813793548331,0.3423705814448405,100.0,-0.03477594256401062,0.08373367041349411,True,entropía de tamaños 0.342 < 0.5,0.31,
P2,Jerárquico (average),8,0.4218338131904602,0.9412280742864594,445.3326837667585,8,0.0,-0.13524796345252055,0.00044989629728385175,0.3314053843415687,100.0,-0.02786439098417759,0.08373367041349411,True,entropía de tamaños 0.331 < 0.5,0.26,
P2,Jerárquico (average),9,0.41979944705963135,0.8898474621285773,390.2468647272197,9,0.0,-0.13524060189779918,0.00045209233392152804,0.31430017731810134,100.0,-0.037560585886240005,0.08373367041349411,True,entropía de tamaños 0.314 < 0.5,0.27,
P2,Jerárquico (average),10,0.4201320707798004,0.8666640254134574,368.2675530316473,10,0.0,-0.13588908373009204,0.00042960873833463036,0.30691911225190155,100.0,-0.048949554562568665,0.08373367041349411,True,entropía de tamaños 0.307 < 0.5,0.29,
P2,K-Medoids (PAM),3,0.2988949120044708,1.5667193767079006,947.525707558371,3,0.0,-0.04407383092836409,0.0022929277738381144,0.818081647677732,100.0,-0.003803954226896167,0.08373367041349411,False,,0.13,FasterPAM
P2,K-Medoids (PAM),4,0.2486172914505005,2.0092260288297314,694.4882185237531,4,0.0,0.17852265620192623,0.0013425831501960618,0.9061113063359802,100.0,-0.02131405659019947,0.08373367041349411,False,,0.15,FasterPAM
P2,K-Medoids (PAM),5,0.2693761885166168,1.868654947828108,673.9412135669928,5,0.0,0.15431196220401175,0.0011010996667226022,0.848217821753409,100.0,-0.03872617334127426,0.08373367041349411,False,,0.15,FasterPAM
P2,K-Medoids (PAM),6,0.24861189723014832,1.7138793839204285,645.5876852650476,6,0.0,0.09129381182517672,0.11224446165045586,0.913155451946487,100.0,-0.025583287701010704,0.08373367041349411,False,,0.19,FasterPAM
P2,K-Medoids (PAM),7,0.25937551259994507,1.6647643940768184,588.8387275308135,7,0.0,0.13356148259704242,0.06295412268770435,0.9249456666534032,100.0,-0.03477594256401062,0.08373367041349411,False,,0.2,FasterPAM
P2,K-Medoids (PAM),8,0.26470446586608887,1.4260550572362203,704.9360336932323,8,0.0,0.1160754781644606,0.1254754383155602,0.9125204760095829,100.0,-0.02786439098417759,0.08373367041349411,False,,0.13,FasterPAM
P2,K-Medoids (PAM),9,0.2520619332790375,1.5230309212461457,582.6477753939139,9,0.0,0.11334106731215554,0.11970221188216419,0.913831442693875,100.0,-0.037560585886240005,0.08373367041349411,False,,0.16,FasterPAM
P2,K-Medoids (PAM),10,0.2651170790195465,1.3359744419954624,711.8717436086226,10,0.0,0.09925660522105909,0.10980760477183212,0.9172756141995104,100.0,-0.048949554562568665,0.08373367041349411,False,,0.13,FasterPAM
P2,DBSCAN/HDBSCAN,6,0.3486178517341614,1.2675394415554375,521.6645234303744,6,24.4,0.6570531563169385,0.022665245657632248,0.764283980709086,75.6,-0.025583287701010704,0.08373367041349411,True,cobertura 75.6 % < 85.0 %,0.0,HDBSCAN(paquete hdbscan) mcs=30
P2,Gaussian Mixture,3,0.18860119581222534,3.0218032763510236,640.5477173863757,3,0.0,0.10281184830890928,0.002154778633270153,0.6105727440947512,100.0,-0.003803954226896167,0.08373367041349411,False,,0.04,"BIC=-156,792"
P2,Gaussian Mixture,4,0.18859358131885529,2.953284644906722,485.5449677391161,4,0.0,0.12207581578666521,0.014014789678566363,0.7181727512071744,100.0,-0.02131405659019947,0.08373367041349411,False,,0.05,"BIC=-215,385"
P2,Gaussian Mixture,5,0.16524019837379456,2.5865579253772055,401.7454763990942,5,0.0,0.39135253217829064,0.011691857501518008,0.839374665983272,100.0,-0.03872617334127426,0.08373367041349411,False,,0.08,"BIC=-228,988"
P2,Gaussian Mixture,6,0.19906871020793915,2.1205525673377252,507.6386622768684,6,0.0,0.39284602165508986,0.024802568987731935,0.7487387464955899,100.0,-0.025583287701010704,0.08373367041349411,False,,0.06,"BIC=-263,444"
P2,Gaussian Mixture,7,0.21487736701965332,2.0528249692895915,450.7042367749401,7,0.0,0.4608492582823555,0.02252149254133273,0.7438067473265862,100.0,-0.03477594256401062,0.08373367041349411,False,,0.09,"BIC=-287,923"
P2,Gaussian Mixture,8,0.1738879382610321,1.899595184812797,461.13044404452637,8,0.0,0.48391207054260227,0.022129617704741113,0.7628055003212534,100.0,-0.02786439098417759,0.08373367041349411,False,,0.1,"BIC=-297,394"
P2,Gaussian Mixture,9,0.2235434204339981,1.8720810140526614,432.03554110409925,9,0.0,0.4162917645358372,0.03647381301845317,0.7297153236280339,100.0,-0.037560585886240005,0.08373367041349411,False,,0.17,"BIC=-303,917"
P2,Gaussian Mixture,10,0.21378472447395325,1.8869214744893235,408.52727029820625,10,0.0,0.6007617328213444,0.026827224669753926,0.7806046121588953,100.0,-0.048949554562568665,0.08373367041349411,False,,0.14,"BIC=-321,199"
P3,K-Prototypes,3,0.5264270901679993,1.3786993915468813,776.2633248111234,3,0.0,-0.13208751302800206,0.00014579475755789205,0.531490246256561,100.0,-0.0035833853762596846,0.09585075825452805,False,,15.07,gamma=0.5000
P3,K-Prototypes,4,0.2214926779270172,1.50821253407337,763.3842385635019,4,0.0,-0.04240086488388694,0.216969891425349,0.8255162538698907,100.0,-0.022958189249038696,0.09585075825452805,False,,17.51,gamma=0.5000
P3,K-Prototypes,5,0.22515852749347687,1.342568660670136,806.2881472817693,5,0.0,-0.05377190760366105,0.205918463080104,0.7941566990006149,100.0,-0.025863558053970337,0.09585075825452805,False,,14.51,gamma=0.5000
P3,K-Prototypes,6,0.21452346444129944,1.218577622855698,822.639836767218,6,0.0,-0.01707311616649135,0.21554708716338802,0.8499038977432936,100.0,-0.022371962666511536,0.09585075825452805,False,,14.58,gamma=0.5000
P3,K-Prototypes,7,0.24724406003952026,1.1076609803138744,883.9560323175936,7,0.0,-0.02418518790962152,0.19543039720211544,0.8506190482220677,100.0,-0.04431762173771858,0.09585075825452805,False,,16.06,gamma=0.5000
P3,K-Prototypes,8,0.2088046818971634,1.2244344053955565,830.3149533975147,8,0.0,0.0027273349622046663,0.2145539481713701,0.9016080812570515,100.0,-0.025857701897621155,0.09585075825452805,False,,16.69,gamma=0.5000
P3,K-Prototypes,9,0.26987016201019287,1.0934679979730038,799.0187784322954,9,0.0,-0.03003044461002229,0.1944942925738766,0.784788114374516,100.0,-0.024579111486673355,0.09585075825452805,False,,18.24,gamma=0.5000
P3,K-Prototypes,10,0.2322210967540741,1.1880352428968222,783.2791923030221,10,0.0,-0.00304411014996231,0.21526864944335028,0.8442114578519696,100.0,-0.04950490966439247,0.09585075825452805,False,,20.25,gamma=0.5000
P3,K-Means,3,0.23080740869045258,1.6487098082026497,744.7183307484996,3,0.0,-0.007095857577228477,0.22687099890073578,0.9336817895530205,100.0,-0.0035833853762596846,0.09585075825452805,False,,0.06,
P3,K-Means,4,0.2232300192117691,1.5411833506721209,755.7775580340517,4,0.0,-0.03241250482844186,0.21475098874497586,0.8543984206596049,100.0,-0.022958189249038696,0.09585075825452805,False,,0.04,
P3,K-Means,5,0.1898084282875061,1.2789111602116419,796.5545305996537,5,0.0,-0.043108921429731606,0.2213855242093642,0.7392796259440174,100.0,-0.025863558053970337,0.09585075825452805,False,,0.04,
P3,K-Means,6,0.22007979452610016,1.1698723223193692,825.3037757717786,6,0.0,-0.060375411798689174,0.20837612992136803,0.7504662236152152,100.0,-0.022371962666511536,0.09585075825452805,False,,0.04,
P3,K-Means,7,0.2527807950973511,1.1072498584436101,885.3104411834851,7,0.0,-0.01501084310628105,0.19258441061010056,0.8485173804579763,100.0,-0.04431762173771858,0.09585075825452805,False,,0.04,
P3,K-Means,8,0.2535373270511627,1.0518082393427604,844.8306202627249,8,0.0,-0.01818499245640181,0.19279410131654587,0.8093098046437008,100.0,-0.025857701897621155,0.09585075825452805,False,,0.04,
P3,K-Means,9,0.27450528740882874,1.0913034077556258,800.4305805559992,9,0.0,-0.021717199561362588,0.19830143879183273,0.7833863276248676,100.0,-0.024579111486673355,0.09585075825452805,False,,0.04,
P3,K-Means,10,0.22518207132816315,1.1290346854448616,779.2413084996464,10,0.0,0.10606654417009409,0.20361704622296448,0.9035011998489363,100.0,-0.04950490966439247,0.09585075825452805,False,,0.06,
P3,Jerárquico (average),3,0.5516107678413391,1.252480864804681,469.50859458148966,3,0.0,-0.11362710895723696,0.00032799344765719213,0.41908128167914893,100.0,-0.0035833853762596846,0.09585075825452805,True,entropía de tamaños 0.419 < 0.5,0.24,
P3,Jerárquico (average),4,0.5392899513244629,1.1362591763643235,504.0391499421786,4,0.0,-0.1389592250880667,0.0003182535533546905,0.40393700534985816,100.0,-0.022958189249038696,0.09585075825452805,True,entropía de tamaños 0.404 < 0.5,0.27,
P3,Jerárquico (average),5,0.4484052360057831,1.0741712989224177,397.42020993091654,5,0.0,-0.1353070847769358,0.0002461045159165384,0.3590955137871541,100.0,-0.025863558053970337,0.09585075825452805,True,entropía de tamaños 0.359 < 0.5,0.33,
P3,Jerárquico (average),6,0.4485292136669159,1.0048089909557438,384.893942550399,6,0.0,-0.14617196470136634,0.0002065932614282604,0.35667772269837833,100.0,-0.022371962666511536,0.09585075825452805,True,entropía de tamaños 0.357 < 0.5,0.22,
P3,Jerárquico (average),7,0.399057537317276,1.0440753643118845,415.32327037180323,7,0.0,-0.14885825212158027,0.0003255075014786791,0.39634532248111987,100.0,-0.04431762173771858,0.09585075825452805,True,entropía de tamaños 0.396 < 0.5,0.27,
P3,Jerárquico (average),8,0.3929029405117035,1.0022109221423952,363.6889187702629,8,0.0,-0.14910187435224054,0.00032835807430963923,0.37457502038980384,100.0,-0.025857701897621155,0.09585075825452805,True,entropía de tamaños 0.375 < 0.5,0.25,
P3,Jerárquico (average),9,0.3906097710132599,0.9528496667063888,318.7029964997656,9,0.0,-0.14908454050166925,0.0003314538941403066,0.35527960333633674,100.0,-0.024579111486673355,0.09585075825452805,True,entropía de tamaños 0.355 < 0.5,0.25,
P3,Jerárquico (average),10,0.3268299698829651,0.9551689581512409,307.04116845007786,10,0.0,-0.12089836886537626,0.0012677424340937398,0.3747150094007591,100.0,-0.04950490966439247,0.09585075825452805,True,entropía de tamaños 0.375 < 0.5,0.28,
P3,K-Medoids (PAM),3,0.2712646722793579,1.7977258683366333,680.9403453045193,3,0.0,-0.037395748342146144,0.004424924522930593,0.9187061453573323,100.0,-0.0035833853762596846,0.09585075825452805,False,,0.14,FasterPAM
P3,K-Medoids (PAM),4,0.24610598385334015,2.0862128461569664,522.7768572042771,4,0.0,0.1754284646750749,0.01832695977018251,0.985458269802133,100.0,-0.022958189249038696,0.09585075825452805,False,,0.19,FasterPAM
P3,K-Medoids (PAM),5,0.2582945227622986,1.7352692788343234,471.98744241772886,5,0.0,0.26633177209393305,0.05838702227520245,0.971637525602331,100.0,-0.025863558053970337,0.09585075825452805,False,,0.18,FasterPAM
P3,K-Medoids (PAM),6,0.2652767300605774,1.6232379800198409,565.6343411304265,6,0.0,0.23401276549764735,0.059343123646172266,0.9298295090776245,100.0,-0.022371962666511536,0.09585075825452805,False,,0.18,FasterPAM
P3,K-Medoids (PAM),7,0.2675081491470337,1.6030645120148574,526.387503710257,7,0.0,0.20861999372934623,0.05217968797513138,0.9366224144988704,100.0,-0.04431762173771858,0.09585075825452805,False,,0.19,FasterPAM
P3,K-Medoids (PAM),8,0.25214606523513794,1.624533467621779,477.74577634847645,8,0.0,0.17726139296776292,0.07632604138628289,0.962726532164805,100.0,-0.025857701897621155,0.09585075825452805,False,,0.17,FasterPAM
P3,K-Medoids (PAM),9,0.24745780229568481,1.5537341125926738,514.21211553268,9,0.0,0.16250115416692024,0.07706778102834101,0.9403500016811137,100.0,-0.024579111486673355,0.09585075825452805,False,,0.15,FasterPAM
P3,K-Medoids (PAM),10,0.24466603994369507,1.5680231684155725,482.8461070196136,10,0.0,0.1451029902095428,0.09424916431257643,0.9514329387381928,100.0,-0.04950490966439247,0.09585075825452805,False,,0.2,FasterPAM
P3,DBSCAN/HDBSCAN,9,0.3067396283149719,1.1382103150358498,270.04893209652903,9,22.2,0.5300154624842873,0.024333170546413003,0.7554989391093763,77.8,-0.024579111486673355,0.09585075825452805,True,cobertura 77.8 % < 85.0 %,0.0,HDBSCAN(paquete hdbscan) mcs=30
P3,Gaussian Mixture,3,0.23088443279266357,2.2961535493057985,584.5326259653513,3,0.0,0.327827241843206,0.030062404776209178,0.9027367763692731,100.0,-0.0035833853762596846,0.09585075825452805,False,,0.05,"BIC=-193,804"
P3,Gaussian Mixture,4,0.23608353734016418,2.469016045718694,431.3726918307339,4,0.0,0.25564872655917764,0.04119767128981289,0.8103433161922994,100.0,-0.022958189249038696,0.09585075825452805,False,,0.05,"BIC=-254,916"
P3,Gaussian Mixture,5,0.22607366740703583,2.6979218082680188,341.8543967782402,5,0.0,0.2798827279569055,0.032425116469601174,0.7928036200758882,100.0,-0.025863558053970337,0.09585075825452805,False,,0.09,"BIC=-260,331"
P3,Gaussian Mixture,6,0.21391046047210693,2.8519120649255583,267.12905845864657,6,0.0,0.4506587115506987,0.018966338325535455,0.8100329368189513,100.0,-0.022371962666511536,0.09585075825452805,False,,0.08,"BIC=-281,232"
P3,Gaussian Mixture,7,0.2213323712348938,2.6226446075600403,312.7141110529532,7,0.0,0.42951686406849326,0.021512231388556857,0.8200475439786713,100.0,-0.04431762173771858,0.09585075825452805,False,,0.09,"BIC=-291,714"
P3,Gaussian Mixture,8,0.2241130918264389,2.3059301299435564,337.75194090348987,8,0.0,0.4283070407014105,0.022100646778831605,0.8021116749595644,100.0,-0.025857701897621155,0.09585075825452805,False,,0.07,"BIC=-287,261"
P3,Gaussian Mixture,9,0.2420583963394165,2.1172483350641684,366.91160387549445,9,0.0,0.4282553743468817,0.021889255561849317,0.7820304810996855,100.0,-0.024579111486673355,0.09585075825452805,False,,0.08,"BIC=-298,793"
P3,Gaussian Mixture,10,0.22755661606788635,1.8776790317096335,351.4344386260896,10,0.0,0.36249109931911905,0.03601653953338368,0.7298761763400635,100.0,-0.04950490966439247,0.09585075825452805,False,,0.16,"BIC=-309,382"
